나라,폴더경로,파일이름,발행,에디터,사진가,촬영시기,상호명,분류,도시
대한민국,/SHOOT/0_대한민국/2020/202001-전남 여수 순천(김마주(김은지)_이미진),mazoo_1.JPG,2020_1월호,김마주,이미진,2020년 1월,아쿠아리움,체험,여수
대한민국,/SHOOT/0_대한민국/2020/202001-전남 여수 순천(김마주(김은지)_이미진),mazoo_2.JPG,2020_1월호,김마주,이미진,2020년 1월,아쿠아리움,체험,여수
대한민국,/SHOOT/0_대한민국/2020/202001-전남 여수 순천(김마주(김은지)_이미진),mazoo_3.JPG,2020_1월호,김마주,이미진,2020년 1월,아쿠아리움,체험,여수
대한민국,/SHOOT/0_대한민국/2020/202001-전남 여수 순천(김마주(김은지)_이미진),mazoo_4.JPG,2020_1월호,김마주,이미진,2020년 1월,아쿠아리움,체험,여수
대한민국,/SHOOT/0_대한민국/2020/202001-전남 여수 순천(김마주(김은지)_이미진),mazoo_5.JPG,2020_1월호,김마주,이미진,2020년 1월,아쿠아리움,체험,여수
대한민국,/SHOOT/0_대한민국/2020/202001-전남 여수 순천(김마주(김은지)_이미진),mazoo_6.JPG,2020_1월호,김마주,이미진,2020년 1월,아쿠아리움,체험,여수
대한민국,/SHOOT/0_대한민국/2020/202001-전남 여수 순천(김마주(김은지)_이미진),mazoo_7.JPG,2020_1월호,김마주,이미진,2020년 1월,아쿠아리움,체험,여수
대한민국,/SHOOT/0_대한민국/2020/202001-전남 여수 순천(김마주(김은지)_이미진),mazoo_8.JPG,2020_1월호,김마주,이미진,2020년 1월,아쿠아리움,체험,여수
대한민국,/SHOOT/0_대한민국/2020/202001-전남 여수 순천(김마주(김은지)_이미진),mazoo_9.JPG,2020_1월호,김마주,이미진,2020년 1월,아쿠아리움,체험,여수
대한민국,/SHOOT/0_대한민국/2020/202001-전남 여수 순천(김마주(김은지)_이미진),mazoo_10.JPG,2020_1월호,김마주,이미진,2020년 1월,아쿠아리움,체험,여수
대한민국,/SHOOT/0_대한민국/2020/202001-전남 여수 순천(김마주(김은지)_이미진),mazoo_11.JPG,2020_1월호,김마주,이미진,2020년 1월,아쿠아리움,체험,여수
대한민국,/SHOOT/0_대한민국/2020/202001-전남 여수 순천(김마주(김은지)_이미진),mazoo_12.JPG,2020_1월호,김마주,이미진,2020년 1월,아쿠아리움,체험,여수
대한민국,/SHOOT/0_대한민국/2020/202001-전남 여수 순천(김마주(김은지)_이미진),mazoo_13.JPG,2020_1월호,김마주,이미진,2020년 1월,아쿠아리움,체험,여수
대한민국,/SHOOT/0_대한민국/2020/202001-전남 여수 순천(김마주(김은지)_이미진),mazoo_14.JPG,2020_1월호,김마주,이미진,2020년 1월,아쿠아리움,체험,여수
대한민국,/SHOOT/0_대한민국/2020/202001-전남 여수 순천(김마주(김은지)_이미진),mazoo_15.JPG,2020_1월호,김마주,이미진,2020년 1월,아쿠아리움,체험,여수
대한민국,/SHOOT/0_대한민국/2020/202001-전남 여수 순천(김마주(김은지)_이미진),mazoo_16.JPG,2020_1월호,김마주,이미진,2020년 1월,아쿠아리움,체험,여수
대한민국,/SHOOT/0_대한민국/2020/202001-전남 여수 순천(김마주(김은지)_이미진),mazoo_17.JPG,2020_1월호,김마주,이미진,2020년 1월,아쿠아리움,체험,여수
대한민국,/SHOOT/0_대한민국/2020/202001-전남 여수 순천(김마주(김은지)_이미진),mazoo_18.JPG,2020_1월호,김마주,이미진,2020년 1월,아쿠아리움,체험,여수
대한민국,/SHOOT/0_대한민국/2020/202001-전남 여수 순천(김마주(김은지)_이미진),mazoo_19.JPG,2020_1월호,김마주,이미진,2020년 1월,아쿠아리움,체험,여수
대한민국,/SHOOT/0_대한민국/2020/202001-전남 여수 순천(김마주(김은지)_이미진),mazoo_20.JPG,2020_1월호,김마주,이미진,2020년 1월,아쿠아리움,체험,여수
대한민국,/SHOOT/0_대한민국/2020/202001-전남 여수 순천(김마주(김은지)_이미진),mazoo_21.JPG,2020_1월호,김마주,이미진,2020년 1월,아쿠아리움,체험,여수
대한민국,/SHOOT/0_대한민국/2020/202001-전남 여수 순천(김마주(김은지)_이미진),mazoo_22.JPG,2020_1월호,김마주,이미진,2020년 1월,아쿠아리움,체험,여수
대한민국,/SHOOT/0_대한민국/2020/202001-전남 여수 순천(김마주(김은지)_이미진),mazoo_23.JPG,2020_1월호,김마주,이미진,2020년 1월,아쿠아리움,체험,여수
대한민국,/SHOOT/0_대한민국/2020/202001-전남 여수 순천(김마주(김은지)_이미진),mazoo_24.JPG,2020_1월호,김마주,이미진,2020년 1월,아쿠아리움,체험,여수
대한민국,/SHOOT/0_대한민국/2020/202001-전남 여수 순천(김마주(김은지)_이미진),mazoo_25.JPG,2020_1월호,김마주,이미진,2020년 1월,아쿠아리움,체험,여수
대한민국,/SHOOT/0_대한민국/2020/202001-전남 여수 순천(김마주(김은지)_이미진),mazoo_26.JPG,2020_1월호,김마주,이미진,2020년 1월,아쿠아리움,체험,여수
대한민국,/SHOOT/0_대한민국/2020/202001-전남 여수 순천(김마주(김은지)_이미진),mazoo_27.JPG,2020_1월호,김마주,이미진,2020년 1월,아쿠아리움,체험,여수
